{
  "version": 1,
  "author": "Ragavarshini A",
  "editor": "wokwi",
  "parts": [
    { "type": "board-esp32-devkit-c-v4", "id": "esp", "top": -9.6, "left": 148.84, "attrs": {} },
    { "type": "wokwi-hc-sr04", "id": "ultrasonic1", "top": -104.1, "left": 216.7, "attrs": {} },
    {
      "type": "wokwi-led",
      "id": "led1",
      "top": 159.6,
      "left": -34.6,
      "attrs": { "color": "red" }
    },
    { "type": "wokwi-led", "id": "led2", "top": 6, "left": -25, "attrs": { "color": "yellow" } },
    {
      "type": "wokwi-resistor",
      "id": "r1",
      "top": 110.4,
      "left": -29.35,
      "rotate": 90,
      "attrs": { "value": "220" }
    },
    {
      "type": "wokwi-resistor",
      "id": "r2",
      "top": 225.6,
      "left": -19.75,
      "rotate": 90,
      "attrs": { "value": "220" }
    },
    { "type": "wokwi-potentiometer", "id": "pot1", "top": -30.1, "left": 67, "attrs": {} }
  ],
  "connections": [
    [ "esp:TX", "$serialMonitor:RX", "", [] ],
    [ "esp:RX", "$serialMonitor:TX", "", [] ],
    [ "pot1:GND", "esp:GND.1", "black", [ "v0" ] ],
    [ "pot1:SIG", "esp:34", "green", [ "v0" ] ],
    [ "ultrasonic1:VCC", "esp:5V", "red", [ "v230.4", "h-134.4" ] ],
    [ "esp:5", "ultrasonic1:TRIG", "green", [ "h0" ] ],
    [ "ultrasonic1:ECHO", "esp:18", "magenta", [ "v0" ] ],
    [ "ultrasonic1:GND", "esp:GND.3", "black", [ "v0" ] ],
    [ "led1:A", "r2:1", "green", [ "v0" ] ],
    [ "led2:A", "r1:1", "green", [ "v19.2", "h9.6" ] ],
    [ "led2:C", "esp:GND.3", "green", [ "v19.2", "h96.4", "v163.2", "h182.4", "v-153.6", "h0" ] ],
    [ "r1:2", "esp:25", "green", [ "h134.4", "v-49.2" ] ],
    [ "r2:2", "esp:26", "green", [ "h67.2", "v-145.2" ] ],
    [ "led1:C", "esp:GND.3", "green", [ "v67.2", "h298", "v-192" ] ],
    [ "pot1:VCC", "esp:3V3", "red", [ "v0" ] ]
  ],
  "dependencies": {}
}